{ 
	 "SF_Oth":[1.20733729503,1.25216158053,1.16251300954], 
	 "SF_OthV":[0.983490856676,0.987059971213,0.97992174214], 
	 "SF_QCD_m":[0.703200483311,0.890004437933,0.516396528689], 
	 "SF_TT2q":[1.47622499536,1.74418772986,1.20826226087], 
	 "SF_TT2qV":[0.956548176489,0.980997689975,0.932098663003], 
	 "SF_TTFJ":[0.814376932019,0.857023827855,0.771730036184], 
	 "SF_TTFJV":[1.1823950899,1.22430035784,1.14048982196], 
	 "SF_TT_Te":[0.84116752703,0.885816596022,0.796518458038], 
	 "SF_TT_Tm":[0.857766886107,0.92396298548,0.791570786733], 
	 "SF_WJ_e":[1.10457710762,1.20811910994,1.0010351053], 
	 "SF_WJ_m":[1.05293721268,1.13408839374,0.971786031626], 
	 "alpha":[1.02322902571,1.07345135896,0.973006692468], 
	 "betae":[0.972345188028,0.994790171664,0.949900204392], 
	 "betam":[0.926441262555,0.960380702137,0.892501822973]
}