{ 
	 "SF_Oth":[1.42909068886,1.56908801389,1.28909336383], 
	 "SF_OthV":[0.977787322341,0.98503454428,0.970540100402], 
	 "SF_QCD_m":[0.852231441737,0.939927489447,0.764535394028], 
	 "SF_TT2q":[1.02050518065,1.31726939038,0.723740970919], 
	 "SF_TT2qV":[0.99861209366,1.01869877006,0.97852541726], 
	 "SF_TTFJ":[0.854363017429,0.903349732347,0.80537630251], 
	 "SF_TTFJV":[1.12125071421,1.16203482046,1.08046660796], 
	 "SF_TTOt":[0.602209922098,0.804310404311,0.400109439884], 
	 "SF_TTOtV":[1.20636693846,1.31121333884,1.10152053808], 
	 "SF_TT_e":[0.722266007393,0.757007394152,0.687524620633], 
	 "SF_TT_m":[0.71725541194,0.752008693099,0.68250213078], 
	 "SF_WJ_e":[1.20880111034,1.29360967609,1.1239925446], 
	 "SF_WJ_m":[1.19574556041,1.25256579357,1.13892532726]
}