{ 
	 "SF_Oth":[1.11226666593,1.15563663172,1.06889670015], 
	 "SF_OthV":[0.99235310584,0.995307193194,0.989399018486], 
	 "SF_QCD_m":[0.506177278938,0.71697443837,0.295380119506], 
	 "SF_TT2q":[1.23842623674,1.51495432314,0.961898150347], 
	 "SF_TT2qV":[0.984020848165,1.00255355807,0.965488138261], 
	 "SF_TTFJ":[0.932793678929,0.976818960938,0.88876839692], 
	 "SF_TTFJV":[1.05363577908,1.08877131785,1.01850024031], 
	 "SF_TT_Te":[0.708065328732,0.741353228489,0.674777428975], 
	 "SF_TT_Tm":[0.784328841991,0.844018209297,0.724639474686], 
	 "SF_WJ_e":[1.10729226148,1.19739923622,1.01718528675], 
	 "SF_WJ_m":[1.1551283762,1.22939551736,1.08086123504], 
	 "alpha":[1.08502889634,1.14034078221,1.02971701047], 
	 "betae":[0.948023378445,0.967796387928,0.928250368961], 
	 "betam":[0.984336519432,1.02250252696,0.946170511907]
}