{ 
	 "SF_Oth":[1.16770137131,1.28507338514,1.05032935749], 
	 "SF_OthV":[0.904191584696,0.971246651435,0.837136517956], 
	 "SF_QCD_m":[0.74539338684,0.97628202581,0.514504747869], 
	 "SF_TT2q":[1.20268006894,1.48482850902,0.920531628859], 
	 "SF_TT2qV":[0.985744886909,1.00558925514,0.965900518675], 
	 "SF_TTFJ":[0.980510527941,1.03445793167,0.926563124213], 
	 "SF_TTFJV":[1.01565448017,1.0589865191,0.972322441244], 
	 "SF_TT_Te":[1.07268010113,1.13705318728,1.00830701497], 
	 "SF_TT_Tm":[1.09532141802,1.18574216586,1.00490067018], 
	 "SF_WJ":[1.20246029818,1.32874559528,1.07617500108], 
	 "SF_WJV":[0.992824816863,0.99730036166,0.988349272065], 
	 "SF_WJ_e":[0.570233902476,0.649844140868,0.490623664084], 
	 "SF_WJ_m":[0.705089362875,0.768796587776,0.641382137974], 
	 "alpha":[1.07625089385,1.13022801043,1.02227377727], 
	 "betae":[0.902316833295,0.921384330609,0.88324933598], 
	 "betam":[0.974870090077,1.01395149723,0.935788682923], 
	 "ePNLT":[0.141026844682,0,0], 
	 "eeBDTLT":[0.728126787109,0,0], 
	 "emBDTLT":[0.7466621485,0,0] 
}