{ 
	 "SF_Oth":[0.869139154197,0.981765240122,0.756513068273], 
	 "SF_OthV":[1.07972572837,1.14834210234,1.0111093544], 
	 "SF_QCD_m":[0.893850138318,1.05972257809,0.727977698548], 
	 "SF_TT2q":[1.3582075494,1.63077744183,1.08563765697], 
	 "SF_TT2qV":[0.970767565003,0.993011321942,0.948523808064], 
	 "SF_TTFJ":[0.997493604122,1.04597913226,0.949008075983], 
	 "SF_TTFJV":[1.0021227043,1.04318582608,0.961059582526], 
	 "SF_TT_Te":[1.05729137082,1.11476099673,0.999821744916], 
	 "SF_TT_Tm":[0.989261560745,1.05959984932,0.91892327217], 
	 "SF_WJ":[1.36843874248,1.49382994956,1.2430475354], 
	 "SF_WJV":[0.986385010741,0.991018616659,0.981751404823], 
	 "SF_WJ_e":[0.547411045946,0.620477456483,0.474344635409], 
	 "SF_WJ_m":[0.691003800644,0.74652085229,0.635486748999], 
	 "alpha":[0.974656393817,1.01870115069,0.930611636947], 
	 "betae":[0.93128837216,0.948305822854,0.914270921467], 
	 "betam":[0.978953781374,1.00972784389,0.948179718858], 
	 "ePNLT":[0.143971413469,0,0], 
	 "eeBDTLT":[0.752434525743,0,0], 
	 "emBDTLT":[0.740305785385,0,0] 
}