{ 
	 "SF_Oth":[1.25454267128,1.40480113575,1.10428420682], 
	 "SF_OthV":[0.987102408293,0.994715954247,0.979488862339], 
	 "SF_QCD_m":[0.726962232107,0.826110309609,0.627814154605], 
	 "SF_TT2q":[1.03156284308,1.32843646847,0.734689217694], 
	 "SF_TT2qV":[0.998124836258,1.01576224163,0.980487430886], 
	 "SF_TTFJ":[0.883353420117,0.942081904836,0.824624935398], 
	 "SF_TTFJV":[1.09142826986,1.13745999881,1.0453965409], 
	 "SF_TTOt":[0.927314026954,1.14049079529,0.714137258622], 
	 "SF_TTOtV":[1.03502311761,1.13774052945,0.932305705764], 
	 "SF_TT_e":[0.725979396269,0.764312002659,0.687646789879], 
	 "SF_TT_m":[0.772215788567,0.813645440901,0.730786136232], 
	 "SF_WJ_e":[1.2585939855,1.35269707455,1.16449089646], 
	 "SF_WJ_m":[1.22731165183,1.29015254233,1.16447076133]
}