{ 
	 "SF_FJ":[0.988548834415,1.04308777307,0.93400989576], 
	 "SF_QCD_m":[1.20248384701,1.40595997616,0.999007717854], 
	 "SF_TT_Le":[1.07139253853,1.16202648442,0.98075859263], 
	 "SF_TT_Lm":[0.900548861672,1.01286961077,0.788228112571], 
	 "SF_TT_Te":[1.08851909494,1.21159958756,0.965438602329], 
	 "SF_TT_Tm":[0.962009833515,1.0982965482,0.825723118832], 
	 "SF_WJ":[1.09134624283,1.1496678742,1.03302461146], 
	 "SF_WJ_Le":[0.716313627721,0.805516333953,0.627110921488], 
	 "SF_WJ_Lm":[0.928967893252,1.03122696628,0.826708820221], 
	 "SF_WJ_Te":[0.822763630109,0.945211421018,0.700315839201], 
	 "SF_WJ_Tm":[0.676402362711,0.782567271888,0.570237453533], 
	 "alpha":[0.953700035405,1.00038936138,0.907010709433], 
	 "betae":[0.914132493682,1.00757963355,0.820685353815], 
	 "betam":[1.03252501398,1.15221722651,0.912832801443], 
	 "ePNLT":[0.148543877056,0,0], 
	 "eeBDTLT":[0.764675738989,0,0], 
	 "emBDTLT":[0.745351577315,0,0] 
}