{ 
	 "SF_FJ":[1.03872116333,1.09984869001,0.977593636643], 
	 "SF_QCD_m":[1.00066146863,1.1712279582,0.830094979072], 
	 "SF_TT_Le":[0.966442337044,1.05034263272,0.882542041365], 
	 "SF_TT_Lm":[0.916546069983,1.02464653617,0.808445603793], 
	 "SF_TT_Te":[1.08370612899,1.20402370105,0.963388556934], 
	 "SF_TT_Tm":[1.1212704166,1.24172579745,1.00081503575], 
	 "SF_WJ":[1.20216795261,1.26982543278,1.13451047244], 
	 "SF_WJ_Le":[0.840095189323,0.931377910683,0.748812467964], 
	 "SF_WJ_Lm":[0.934926991256,1.02058264037,0.849271342139], 
	 "SF_WJ_Te":[0.766052124364,0.899854418639,0.632249830088], 
	 "SF_WJ_Tm":[0.738512582443,0.855795115288,0.621230049598], 
	 "alpha":[1.02478996959,1.07954251104,0.97003742813], 
	 "betae":[0.882126639545,0.973750331717,0.790502947374], 
	 "betam":[0.980463659272,1.0727394128,0.888187905745], 
	 "ePNLT":[0.140383898332,0,0], 
	 "eeBDTLT":[0.751442588436,0,0], 
	 "emBDTLT":[0.735523596184,0,0] 
}