{ 
	 "SF_Oth":[1.48509291058,1.65193727047,1.31824855069], 
	 "SF_OthV":[0.971387132685,0.981228330995,0.961545934375], 
	 "SF_QCD_m":[1.20908357557,1.32955541087,1.08861174027], 
	 "SF_TT2q":[1.03691889315,1.33377503799,0.740062748314], 
	 "SF_TT2qV":[0.996777048724,1.02269204262,0.970862054828], 
	 "SF_TTFJ":[0.711359183407,0.769097412384,0.65362095443], 
	 "SF_TTFJV":[1.28394499581,1.34074389687,1.22714609474], 
	 "SF_TTOt":[0.820471089179,1.05703113484,0.583911043519], 
	 "SF_TTOtV":[1.09907578035,1.22962506636,0.968526494352], 
	 "SF_TT_e":[0.787707849182,0.839951310957,0.735464387406], 
	 "SF_TT_m":[0.703629322686,0.751491247465,0.655767397907], 
	 "SF_WJ_e":[1.1973062591,1.30355831924,1.09105419896], 
	 "SF_WJ_m":[1.24030824032,1.3113864488,1.16923003183]
}