{ 
	 "SF_Oth":[1.04813758319,1.08322370327,1.01305146311], 
	 "SF_OthV":[0.99618722702,0.998966249184,0.993408204857], 
	 "SF_TT2q":[1.3696744777,1.65519452994,1.08415442547], 
	 "SF_TT2qV":[0.974978342042,0.994303952865,0.955652731219], 
	 "SF_TTFJ":[0.973619855291,1.01864251949,0.928597191092], 
	 "SF_TTFJV":[1.02196289973,1.05944670697,0.984479092488], 
	 "SF_TT_Te":[0.749181142621,0.778106033435,0.720256251806], 
	 "SF_TT_Tm":[0.808146950361,0.83039788291,0.785896017812], 
	 "SF_WJ_e":[1.19410711726,1.26494654765,1.12326768687], 
	 "SF_WJ_m":[0.904952972098,0.946634519431,0.863271424765]
}