{ 
	 "SF_FJ":[0.890086330446,0.95905470309,0.821117957802], 
	 "SF_QCD_m":[0.874983075661,1.09367513714,0.656291014183], 
	 "SF_TT_Le":[1.05417220243,1.14890030276,0.959444102088], 
	 "SF_TT_Lm":[0.944527211508,1.06258745874,0.82646696428], 
	 "SF_TT_Te":[1.03689840698,1.15808520185,0.91571161212], 
	 "SF_TT_Tm":[1.04783772264,1.17030348708,0.925371958201], 
	 "SF_WJ":[1.08584832934,1.16488180987,1.00681484881], 
	 "SF_WJ_Le":[0.835753820107,0.94159326649,0.729914373723], 
	 "SF_WJ_Lm":[0.943023229354,1.03493665043,0.851109808276], 
	 "SF_WJ_Te":[0.905913726578,1.04402894806,0.767798505093], 
	 "SF_WJ_Tm":[0.89133567283,1.02581275475,0.75685859091], 
	 "alpha":[1.00929986333,1.08920994547,0.929389781202], 
	 "betae":[0.934914688711,1.02920114054,0.840628236878], 
	 "betam":[0.920331899308,1.01143108879,0.829232709829], 
	 "ePNLT":[0.152845911756,0,0], 
	 "eeBDTLT":[0.68596437351,0,0], 
	 "emBDTLT":[0.735544537963,0,0] 
}