{ 
	 "SF_Oth":[1.36131603265,1.50244403509,1.22018803022], 
	 "SF_OthV":[0.981295803487,0.988601557045,0.973990049929], 
	 "SF_QCD_m":[0.662633442706,0.792018407305,0.533248478108], 
	 "SF_TT2q":[1.12942643169,1.4187046386,0.840148224776], 
	 "SF_TT2qV":[0.99123968873,1.01081967022,0.971659707245], 
	 "SF_TTFJ":[0.846183182708,0.894821284151,0.797545081265], 
	 "SF_TTFJV":[1.1280608718,1.16855473836,1.08756700524], 
	 "SF_TTOt":[0.715614647592,0.919966396379,0.511262898806], 
	 "SF_TTOtV":[1.14753443532,1.2535487557,1.04152011493], 
	 "SF_TT_Te":[0.705007524721,0.740515270846,0.669499778596], 
	 "SF_TT_Tm":[0.735281608831,0.771698009285,0.698865208377], 
	 "SF_TT_e":[0.778882371348,0.820852019127,0.736912723569], 
	 "SF_TT_m":[0.80646303838,0.864956264958,0.747969811802], 
	 "SF_WJ_e":[1.16161309296,1.24698742068,1.07623876525], 
	 "SF_WJ_m":[1.15220730109,1.21141314279,1.09300145939]
}