{ 
	 "SF_Oth":[0.855031337772,0.966204628486,0.743858047057], 
	 "SF_OthV":[1.08832078164,1.15605205392,1.02058950936], 
	 "SF_QCD_m":[0.90567030836,1.01190080117,0.799439815553], 
	 "SF_TT2q":[1.33527128252,1.61056349492,1.05997907012], 
	 "SF_TT2qV":[0.972639337197,0.995105255957,0.950173418437], 
	 "SF_TTFJ":[1.0783705201,1.17491650426,0.98182453594], 
	 "SF_TTFJV":[0.933626829819,1.01539307341,0.851860586226], 
	 "SF_TT_Te":[1.05633346869,1.09135044012,1.02131649725], 
	 "SF_TT_Tm":[1.01913022275,1.05407041577,0.984190029728], 
	 "SF_WJ":[1.45889787479,1.56777918549,1.35001656409], 
	 "SF_WJV":[0.983043563054,0.987066765559,0.979020360549], 
	 "SF_WJ_e":[0.656243092661,0.714697887715,0.597788297607], 
	 "SF_WJ_eV":[1.01270193793,1.01486186305,1.01054201282], 
	 "SF_WJ_m":[0.742732382854,0.78600408836,0.699460677347], 
	 "SF_WJ_mV":[1.00950612842,1.01110503307,1.00790722377], 
	 "alpha":[0.965516796619,1.00944366524,0.921589927995], 
	 "betae":[0.941771572448,0.957426383574,0.926116761322], 
	 "betam":[0.978612332079,0.996329222733,0.960895441425]
}