{ 
	 "SF_Oth":[1.2207934953,1.26431831243,1.17726867817], 
	 "SF_OthV":[0.980306091621,0.98418833353,0.976423849712], 
	 "SF_QCD_m":[0.878849482425,1.01443774584,0.743261219015], 
	 "SF_TT2q":[1.34708344871,1.63280964221,1.06135725522], 
	 "SF_TT2qV":[0.969700251697,0.994643624187,0.944756879207], 
	 "SF_TTFJ":[0.735547237937,0.790377764927,0.680716710947], 
	 "SF_TTFJV":[1.26015065406,1.31408920001,1.2062121081], 
	 "SF_TT_Te":[0.815334950678,0.859186269867,0.771483631488], 
	 "SF_TT_Tm":[0.762360288393,0.809690070005,0.71503050678], 
	 "SF_WJ_e":[1.06726964239,1.16644738266,0.968091902121], 
	 "SF_WJ_m":[1.11720758905,1.1830464127,1.05136876541],
	 "alpha":[1.02564156332,1.07633724905,0.974945877595], 
	 "beta":[0.961190252297,0.979968666242,0.942411838352]
}
