{ 
	 "SF_Oth":[1.13199301908,1.25808061532,1.00590542283], 
	 "SF_OthV":[0.915293254898,0.996210184826,0.83437632497], 
	 "SF_QCD_m":[0.909319701873,1.1123410932,0.706298310549], 
	 "SF_TT2q":[1.33573009897,1.61308047948,1.05837971846], 
	 "SF_TT2qV":[0.96793574002,0.994424382931,0.941447097109], 
	 "SF_TTFJ":[0.835968058917,0.886175934204,0.78576018363], 
	 "SF_TTFJV":[1.16109345458,1.21040190038,1.11178500877], 
	 "SF_TT_Te":[1.11832958329,1.19285989314,1.04379927344], 
	 "SF_TT_Tm":[1.03260753387,1.12646983092,0.938745236831], 
	 "SF_WJ":[1.38989078595,1.52519695689,1.254584615], 
	 "SF_WJV":[0.983092093502,0.988959747136,0.977224439869], 
	 "SF_WJ_e":[0.654531017775,0.742212048784,0.566849986766], 
	 "SF_WJ_m":[0.778736206184,0.855282044932,0.702190367435], 
	 "alpha":[1.04911598043,1.09992188109,0.998310079779], 
	 "betae":[0.953197127665,0.975019350035,0.931374905294], 
	 "betam":[0.94469417946,0.980545073726,0.908843285194], 
	 "ePNLT":[0.15406093226,0,0], 
	 "eeBDTLT":[0.63919207665,0,0], 
	 "emBDTLT":[0.732844241742,0,0] 
}