{ 
	 "SF_Oth":[1.17130106483,1.32031473505,1.02228739462], 
	 "SF_OthV":[0.99132023255,0.998870705196,0.983769759903], 
	 "SF_QCD_m":[0.561374525391,0.802750321186,0.319998729596], 
	 "SF_TT2q":[1.11185876569,1.40327781367,0.820439717712], 
	 "SF_TT2qV":[0.993354416741,1.01066776304,0.976041070445], 
	 "SF_TTFJ":[0.870942252401,0.928734232023,0.813150272778], 
	 "SF_TTFJV":[1.10115621552,1.14645390632,1.05585852472], 
	 "SF_TTOt":[1.07485440282,1.29038739693,0.859321408712], 
	 "SF_TTOtV":[0.963932042957,1.06778478214,0.860079303772], 
	 "SF_TT_Te":[0.693332601155,0.731886893492,0.654778308819], 
	 "SF_TT_Tm":[0.797629247368,0.842111486568,0.753147008167], 
	 "SF_TT_e":[0.812317165601,0.860751554857,0.763882776346], 
	 "SF_TT_m":[0.853440644166,0.946203290073,0.760677998259], 
	 "SF_WJ_e":[1.18591139523,1.28039817869,1.09142461176], 
	 "SF_WJ_m":[1.19698920276,1.26712945407,1.12684895146]
}