{ 
	 "SF_Oth":[1.08612694596,1.12570652244,1.04654736948], 
	 "SF_OthV":[0.993942455299,0.996726195638,0.99115871496], 
	 "SF_QCD_m":[0.655900648269,0.784985072995,0.526816223543], 
	 "SF_TT2q":[1.35730213278,1.62326269699,1.09134156857], 
	 "SF_TT2qV":[0.972738669199,0.993030848438,0.95244648996], 
	 "SF_TTFJ":[0.902099139795,0.938921476379,0.865276803211], 
	 "SF_TTFJV":[1.08277516717,1.11390844894,1.0516418854], 
	 "SF_TT_Te":[0.763378392227,0.79420556982,0.732551214634], 
	 "SF_TT_Tm":[0.797117527012,0.840530118703,0.753704935321], 
	 "SF_WJ_e":[1.09737075345,1.1797000714,1.0150414355], 
	 "SF_WJ_m":[1.0989532577,1.16015854478,1.03774797062], 
	 "alpha":[0.985937498097,1.03077727404,0.941097722154], 
	 "betae":[0.969655988361,0.986717705272,0.95259427145], 
	 "betam":[0.97560560015,1.00184282292,0.949368377379]
}