{ 
	 "SF_Oth":[1.42313435111,1.59167933956,1.25458936266], 
	 "SF_OthV":[0.975041715143,0.984983223843,0.965100206443], 
	 "SF_QCD_m":[0.780257420829,0.982988155096,0.577526686562], 
	 "SF_TT2q":[1.03033061627,1.32718051772,0.733480714816], 
	 "SF_TT2qV":[0.997352193144,1.02326664201,0.971437744284], 
	 "SF_TTFJ":[0.7136729971,0.771538676408,0.655807317793], 
	 "SF_TTFJV":[1.28166882494,1.33859310288,1.224744547], 
	 "SF_TTOt":[0.941638647677,1.19033942083,0.692937874525], 
	 "SF_TTOtV":[1.03220760655,1.16945693905,0.894958274048], 
	 "SF_TT_Te":[0.787759583679,0.841236725835,0.734282441524], 
	 "SF_TT_Tm":[0.74469007706,0.797090261116,0.692289893003], 
	 "SF_TT_e":[0.856644190439,0.921106599885,0.792181780994], 
	 "SF_TT_m":[0.885659570277,0.977061557849,0.794257582705], 
	 "SF_WJ_e":[1.14465522372,1.25280281667,1.03650763077], 
	 "SF_WJ_m":[1.13478162032,1.21569577868,1.05386746197]
}