{ 
	 "SF_Oth":[0.921340739296,1.03048105154,0.812200427054], 
	 "SF_OthV":[1.04731270322,1.11295943263,0.981665973817], 
	 "SF_QCD_m":[0.656337358133,0.785661335188,0.527013381079], 
	 "SF_TT2q":[1.36721453824,1.64154780868,1.0928812678], 
	 "SF_TT2qV":[0.972139150793,0.992953026836,0.95132527475], 
	 "SF_TTFJ":[0.926936394439,0.969522154078,0.884350634799], 
	 "SF_TTFJV":[1.0604922649,1.09575070901,1.02523382079], 
	 "SF_TT_Te":[0.740243857931,0.780982804578,0.699504911284], 
	 "SF_TT_Tm":[0.773730387483,0.824236185365,0.723224589601], 
	 "SF_WJ":[1.36230110837,1.48897860787,1.23562360888], 
	 "SF_WJV":[0.986815609879,0.991425492472,0.982205727286], 
	 "SF_WJ_e":[1.10355532529,1.18648957481,1.02062107576], 
	 "SF_WJ_eV":[0.996231549459,0.999249584665,0.993213514254], 
	 "SF_WJ_m":[1.10276679137,1.16444532315,1.04108825959], 
	 "SF_WJ_mV":[0.996260244759,0.998504769565,0.994015719953], 
	 "alpha":[0.972696419788,1.01678492216,0.928607917417], 
	 "betae":[0.973625771934,0.991407725114,0.955843818754], 
	 "betam":[0.979123363733,1.00576512436,0.952481603108]
}