{ 
	 "SF_Oth":[1.20000417684,1.24292837781,1.15707997587], 
	 "SF_OthV":[0.982160416783,0.9859890861,0.978331747465], 
	 "SF_TT2q":[1.40822968198,1.6949100009,1.12154936306], 
	 "SF_TT2qV":[0.964362297712,0.989388963602,0.939335631821], 
	 "SF_TTFJ":[0.836236981894,0.887933752446,0.784540211342], 
	 "SF_TTFJV":[1.16109892722,1.21195469657,1.11024315787], 
	 "SF_TT_Te":[0.848189235284,0.889434737146,0.806943733422], 
	 "SF_TT_Tm":[0.791869306555,0.820529940357,0.763208672753], 
	 "SF_WJ_e":[1.19821438084,1.28865121129,1.10777755039], 
	 "SF_WJ_m":[1.01920515727,1.07677943029,0.961630884238]
}