{ 
	 "SF_Oth":[1.10352571108,1.14069141398,1.06636000818], 
	 "SF_OthV":[0.99180016927,0.994743906334,0.988856432206], 
	 "SF_QCD_m":[0.645675941032,0.740533443691,0.550818438373], 
	 "SF_TT2q":[1.18532134358,1.47278107424,0.897861612921], 
	 "SF_TT2qV":[0.987456404079,1.0069133033,0.96799950486], 
	 "SF_TTFJ":[0.854881228009,0.901920570084,0.807841885933], 
	 "SF_TTFJV":[1.12081924011,1.15998204094,1.08165643927], 
	 "SF_TT_Te":[0.733067439446,0.763860642353,0.702274236539], 
	 "SF_TT_Tm":[0.774920462213,0.807201077153,0.742639847273], 
	 "SF_WJ_e":[1.10568145147,1.18483017701,1.02653272593], 
	 "SF_WJ_m":[1.09439898124,1.14546816398,1.04332979849],
	 "alpha":[0.986123918295,1.03111407143,0.941133765161], 
	 "beta":[0.97196521794,0.986084414162,0.957846021717]
}
