{ 
	 "SF_Oth":[0.894925401208,0.99766124421,0.792189558207], 
	 "SF_OthV":[1.05060897721,1.10009149722,1.0011264572], 
	 "SF_QCD_m":[1.00637448446,1.16328716506,0.849461803855], 
	 "SF_TT2q":[1.32977615337,1.59872402899,1.06082827776], 
	 "SF_TT2qV":[0.97506197691,0.995400101009,0.954723852812], 
	 "SF_TTFJ":[0.942161761358,0.986932566044,0.897390956672], 
	 "SF_TTFJV":[1.04755751504,1.08437032723,1.01074470284], 
	 "SF_TT_Te":[1.02773754248,1.08094078656,0.974534298411], 
	 "SF_TT_Tm":[0.931645454225,1.00095743184,0.862333476612], 
	 "SF_WJ":[1.34220271579,1.46724710747,1.21715832412], 
	 "SF_WJV":[0.990012851962,0.993662258566,0.986363445357], 
	 "SF_WJ_e":[0.590194166741,0.653826510266,0.526561823215], 
	 "SF_WJ_m":[0.767462952751,0.821956760338,0.712969145164], 
	 "alpha":[0.964043180047,1.00748412595,0.920602234141], 
	 "betae":[0.919351499675,0.935486194796,0.903216804555], 
	 "betam":[0.980174981252,1.01088512425,0.949464838257], 
	 "ePNLT":[0.143317528393,0,0], 
	 "eeBDTLT":[0.78366271938,0,0], 
	 "emBDTLT":[0.779057569569,0,0] 
}