{ 
	 "SF_Oth":[1.12604314227,1.16810999843,1.0839762861], 
	 "SF_OthV":[0.99029509229,0.993534101961,0.98705608262], 
	 "SF_QCD_m":[0.380369672396,0.498131874262,0.26260747053], 
	 "SF_TT2q":[1.13932156247,1.43026442962,0.848378695319], 
	 "SF_TT2qV":[0.991722837825,1.00900789588,0.974437779773], 
	 "SF_TTFJ":[0.879587400998,0.936807118404,0.822367683591], 
	 "SF_TTFJV":[1.09438005018,1.13922917597,1.04953092438], 
	 "SF_TT_Te":[0.67016609335,0.703738655765,0.636593530936], 
	 "SF_TT_Tm":[0.796383888733,0.834749011507,0.75801876596], 
	 "SF_WJ_e":[1.12991190001,1.21825915724,1.04156464277], 
	 "SF_WJ_m":[1.11978679617,1.17669150037,1.06288209196],
	 "alpha":[1.11211272269,1.16852746264,1.05569798274], 
	 "beta":[0.957841430918,0.974886942268,0.940795919568]
}
