{ 
	 "SF_FJ":[0.874352093389,0.943775081474,0.804929105304], 
	 "SF_QCD_m":[1.05287281172,1.27501246407,0.830733159364], 
	 "SF_TT_Le":[1.08652806305,1.18637913665,0.98667698945], 
	 "SF_TT_Lm":[0.944965405174,1.06575954131,0.824171269041], 
	 "SF_TT_Te":[1.01797222804,1.13505892188,0.900885534208], 
	 "SF_TT_Tm":[0.978940236569,1.11634272828,0.841537744856], 
	 "SF_WJ":[1.14238572479,1.22150601143,1.06326543814], 
	 "SF_WJ_Le":[0.835647399768,0.943257827058,0.728036972479], 
	 "SF_WJ_Lm":[0.791604557384,0.887795436317,0.695413678451], 
	 "SF_WJ_Te":[0.901398763319,1.03824412605,0.764553400589], 
	 "SF_WJ_Tm":[0.800113862926,0.933928957789,0.666298768063], 
	 "alpha":[1.00503689566,1.07722154944,0.932852241884], 
	 "betae":[1.06298461375,1.16488272484,0.961086502668], 
	 "betam":[0.976039117155,1.08752784225,0.864550392061], 
	 "ePNLT":[0.16580696951,0,0], 
	 "eeBDTLT":[0.627900464633,0,0], 
	 "emBDTLT":[0.718417330841,0,0] 
}