{ 
	 "SF_Oth":[1.06463356387,1.10358024433,1.02568688341], 
	 "SF_OthV":[0.995023428003,0.998022194398,0.992024661607], 
	 "SF_TT2q":[1.2703295173,1.56038450805,0.980274526548], 
	 "SF_TT2qV":[0.983939591144,1.00117190003,0.966707282261], 
	 "SF_TTFJ":[1.04856405397,1.1030161041,0.994112003842], 
	 "SF_TTFJV":[0.961935230295,1.00461504342,0.91925541717], 
	 "SF_TT_Te":[0.690468710736,0.722226899601,0.658710521871], 
	 "SF_TT_Tm":[0.839371334603,0.865039917655,0.81370275155], 
	 "SF_WJ_e":[1.26820725648,1.34802600674,1.18838850621], 
	 "SF_WJ_m":[0.928512948307,0.977055628052,0.879970268563]
}