{ 
	 "QCD_eV":[1.67042190109,1.85074018952,1.49010361265], 
	 "QCD_e":[2.70472818231,4.040102852,1.36935351262], 
	 "QCD_mV":[1.69601532454,1.96217228634,1.42985836273], 
	 "QCD_m":[0.892130163687,0.967893871038,0.816366456336], 
	 "TT_MHL_e":[0.677573619602,0.780076784482,0.575070454722], 
	 "TT_MHL_m":[0.73220010231,0.845147079574,0.619253125046], 
	 "TT_MHT_e":[0.807843923769,0.899720140922,0.715967706617], 
	 "TT_MHT_m":[0.87389941534,0.94293296482,0.80486586586], 
	 "TT_MLL_e":[1.00710298405,1.29501494996,0.719191018142], 
	 "TT_MLL_m":[1.37504235014,1.77684301314,0.973241687142], 
	 "TT_MLT_e":[0.792483012717,0.858290911823,0.72667511361], 
	 "TT_MLT_m":[0.753720417369,0.802836175604,0.704604659135], 
	 "TT_RHL_e":[0.859411128707,0.905655971253,0.813166286161], 
	 "TT_RHL_m":[0.791375633654,0.832225719183,0.750525548124], 
	 "TT_RHT_e":[0.846134014141,0.899438495742,0.79282953254], 
	 "TT_RHT_m":[0.759719446421,0.80095403437,0.718484858473], 
	 "TT_RLL_e":[0.925168572551,1.00841169442,0.841925450685], 
	 "TT_RLL_m":[0.978229746026,1.05967868869,0.896780803367], 
	 "TT_RLT_e":[0.898972263086,0.959703247876,0.838241278296], 
	 "TT_RLT_m":[0.822590875806,0.878491185132,0.766690566481], 
	 "TT_eVT":[1.21520549387,1.33492193699,1.09548905074], 
	 "TT_mVT":[1.35152897579,1.5009809809,1.20207697067], 
	 "WJets_eVT":[0.948546670394,0.996188354016,0.900904986773], 
	 "WJets_eV":[0.970647240578,1.00969403411,0.931600447046], 
	 "WJets_e":[0.858785112704,1.02911285776,0.688457367644], 
	 "WJets_mVT":[0.912426414594,0.95322311098,0.871629718208], 
	 "WJets_mV":[0.838151336758,0.874127058624,0.802175614892], 
	 "WJets_m":[1.06952577738,1.13825944516,1.0007921096]
}
