{ 
	 "QCD_eV":[1.98362534945,2.14962243045,1.81762826846], 
	 "QCD_e":[0.495135710446,0.601478835339,0.388792585553], 
	 "QCD_mV":[1.12259793769,1.24474702402,1.00044885136], 
	 "QCD_m":[0.752224613527,0.792667238663,0.711781988391], 
	 "TF_e":[1.48341963643,1.62589130178,1.34094797107], 
	 "TF_m":[1.18558858942,1.29825463357,1.07292254526], 
	 "TT_eH":[0.655727388571,0.686490656724,0.624964120418], 
	 "TT_eL":[0.684163485069,0.717582884739,0.650744085399], 
	 "TT_mH":[0.718374844933,0.746372228739,0.690377461126], 
	 "TT_mL":[0.764064292234,0.794320056423,0.733808528046], 
	 "T_eVT":[1.01782941873,1.07461547432,0.961043363146], 
	 "T_mVT":[1.16370387939,1.23408048768,1.0933272711], 
	 "WJets_eVT":[0.945344942042,0.980530076867,0.910159807216], 
	 "WJets_eV":[0.909143412657,0.94113304673,0.877153778585], 
	 "WJets_e":[1.20015484027,1.25800327007,1.14230641047], 
	 "WJets_mVT":[0.900571999919,0.934137010462,0.867006989376], 
	 "WJets_mV":[0.846817630183,0.878634966417,0.815000293948], 
	 "WJets_m":[1.13034271222,1.17304765086,1.08763777358]
}
