{ 
	 "QCD_eV":[2.04453441878,2.20934573473,1.87972310283], 
	 "QCD_e":[0.519349833444,0.644893080316,0.393806586572], 
	 "QCD_mV":[1.16428815867,1.28985972283,1.03871659451], 
	 "QCD_m":[0.781170339656,0.826835391076,0.735505288236], 
	 "TT_MHL_e":[0.696663038362,0.769315382012,0.624010694712], 
	 "TT_MHL_m":[0.680864965479,0.76673708808,0.594992842878], 
	 "TT_MHT_e":[0.728834195834,0.787205645817,0.670462745852], 
	 "TT_MHT_m":[0.796555769125,0.840188096649,0.752923441601], 
	 "TT_MLL_e":[1.07065570565,1.25969586957,0.881615541722], 
	 "TT_MLL_m":[1.04454515078,1.34773109955,0.741359202005], 
	 "TT_MLT_e":[0.819433648913,0.84722492224,0.791642375586], 
	 "TT_MLT_m":[0.827796846822,0.853071421349,0.802522272295], 
	 "TT_RHL_e":[0.814245823874,0.836459544216,0.792032103532], 
	 "TT_RHL_m":[0.787729602978,0.809363071229,0.766096134727], 
	 "TT_RHT_e":[0.749796569501,0.776843487956,0.722749651047], 
	 "TT_RHT_m":[0.806874720946,0.830078750628,0.783670691264], 
	 "TT_RLL_e":[0.905333840312,0.92566259715,0.885005083474], 
	 "TT_RLL_m":[0.913240572135,0.93089382809,0.89558731618], 
	 "TT_RLT_e":[0.80395899177,0.821215088115,0.786702895425], 
	 "TT_RLT_m":[0.841313412726,0.853942482932,0.828684342521], 
	 "TT_eVT":[1.05724634761,1.10737879251,1.00711390271], 
	 "TT_mVT":[1.2091219648,1.27220488255,1.14603904706], 
	 "WJets_eVT":[0.98151397549,1.00695832917,0.956069621809], 
	 "WJets_eV":[0.944930298363,0.964784340274,0.925076256452], 
	 "WJets_e":[1.27117165726,1.32420211964,1.21814119487], 
	 "WJets_mVT":[0.936512541598,0.963401106325,0.909623976872], 
	 "WJets_mV":[0.883079599948,0.904541936254,0.861617263642], 
	 "WJets_m":[1.18053616482,1.21397315246,1.14709917718]
}
