{ 
	 "QCD_eV":[1.99823153007,2.24172752995,1.75473553019], 
	 "QCD_e":[1.18203118704,1.52471744109,0.839344932992], 
	 "QCD_mV":[1.22117024244,1.44315140764,0.999189077245], 
	 "QCD_m":[0.76191561994,0.831968409717,0.691862830163], 
	 "TT_MHL_e":[0.608234405865,0.692225397996,0.524243413734], 
	 "TT_MHL_m":[0.737852711258,0.844108671414,0.631596751103], 
	 "TT_MHT_e":[0.617040975392,0.682318460332,0.551763490452], 
	 "TT_MHT_m":[0.649918439106,0.700562264725,0.599274613487], 
	 "TT_MLL_e":[0.934488334178,1.21202126018,0.656955408175], 
	 "TT_MLL_m":[0.801825660371,1.10869226959,0.494959051148], 
	 "TT_MLT_e":[0.656780306418,0.702024192182,0.611536420654], 
	 "TT_MLT_m":[0.70480357408,0.74327079927,0.66633634889], 
	 "TT_RHL_e":[0.763947705141,0.79976404057,0.728131369711], 
	 "TT_RHL_m":[0.712658043247,0.745633811675,0.67968227482], 
	 "TT_RHT_e":[0.647326094814,0.684520988324,0.610131201304], 
	 "TT_RHT_m":[0.8053840132,0.842569288568,0.768198737832], 
	 "TT_RLL_e":[0.814687987299,0.854311306674,0.775064667924], 
	 "TT_RLL_m":[0.781810091626,0.817720138451,0.745900044801], 
	 "TT_RLT_e":[0.70388448507,0.739260110989,0.668508859151], 
	 "TT_RLT_m":[0.796276130104,0.82896241338,0.763589846828], 
	 "TT_eVT":[0.848554880997,0.923671262354,0.77343849964], 
	 "TT_mVT":[0.914963677373,1.0122187441,0.817708610649], 
	 "WJets_eVT":[1.01181202321,1.05521510609,0.968408940335], 
	 "WJets_eV":[0.939627719964,0.978274248502,0.900981191425], 
	 "WJets_e":[0.992018434528,1.0990327768,0.885004092253], 
	 "WJets_mVT":[0.981756493575,1.02561545594,0.937897531209], 
	 "WJets_mV":[0.837870330981,0.876768864919,0.798971797043], 
	 "WJets_m":[1.15057364916,1.21571432463,1.08543297369]
}
