{ 
	 "QCD_eV":[2.11266936339,2.29588079831,1.92945792846], 
	 "QCD_e":[1.1666549041,1.31699232377,1.01631748443], 
	 "QCD_mV":[1.28991958179,1.43366997184,1.14616919173], 
	 "QCD_m":[0.777206466025,0.823328541963,0.731084390087], 
	 "TT_MHL_e":[0.672355744693,0.748218305395,0.59649318399], 
	 "TT_MHL_m":[0.695620689636,0.76842975413,0.622811625143], 
	 "TT_MHT_e":[0.698863585112,0.759107065661,0.638620104562], 
	 "TT_MHT_m":[0.742298392239,0.788745213421,0.695851571057], 
	 "TT_MLL_e":[0.56954179926,0.71411116471,0.42497243381], 
	 "TT_MLL_m":[0.771919013677,0.91643748619,0.627400541164], 
	 "TT_MLT_e":[0.711908377544,0.748831294588,0.6749854605], 
	 "TT_MLT_m":[0.803454529193,0.835752967044,0.771156091342], 
	 "TT_RHL_e":[0.798213592368,0.83056403137,0.765863153367], 
	 "TT_RHL_m":[0.771950674675,0.803898910025,0.740002439326], 
	 "TT_RHT_e":[0.72300874537,0.755740295451,0.690277195289], 
	 "TT_RHT_m":[0.783357961863,0.814573686549,0.752142237177], 
	 "TT_RLL_e":[0.883480449626,0.91747673582,0.849484163432], 
	 "TT_RLL_m":[0.923246032424,0.958192750531,0.888299314317], 
	 "TT_RLT_e":[0.782793962484,0.80969144383,0.755896481137], 
	 "TT_RLT_m":[0.814883996725,0.840396178613,0.789371814838], 
	 "TT_eVT":[0.90496940046,1.05978866668,0.750150134239], 
	 "TT_mVT":[0.831670798735,0.941325449066,0.722016148403], 
	 "WJets_eVT":[0.985840621832,1.04703815545,0.924643088218], 
	 "WJets_eV":[0.912904956111,0.944934825491,0.880875086731], 
	 "WJets_mVT":[1.03668277136,1.08175188692,0.991613655797], 
	 "WJets_mV":[0.851711663845,0.883781696037,0.819641631654]
}
