{ 
	 "QCD_eV":[1.86439479443,2.06698679469,1.66180279416], 
	 "QCD_e":[0.566952105989,0.840333674485,0.293570537493], 
	 "QCD_mV":[1.63961242478,1.87433752108,1.40488732848], 
	 "QCD_m":[0.756372181583,0.831971856008,0.680772507158], 
	 "TT_MHL_e":[0.707178519302,0.784575077477,0.629781961127], 
	 "TT_MHL_m":[0.652945469933,0.744190775723,0.561700164142], 
	 "TT_MHT_e":[0.716094062665,0.779343939674,0.652844185656], 
	 "TT_MHT_m":[0.765799864257,0.814734234804,0.71686549371], 
	 "TT_MLL_e":[1.52193053741,1.84125662819,1.20260444664], 
	 "TT_MLL_m":[1.34780250237,1.79631510526,0.899289899474], 
	 "TT_MLT_e":[0.819081738102,0.862192652394,0.775970823811], 
	 "TT_MLT_m":[0.793314892649,0.832229773346,0.754400011953], 
	 "TT_RHL_e":[0.784710587666,0.817613407581,0.751807767752], 
	 "TT_RHL_m":[0.740238049268,0.771989942818,0.708486155719], 
	 "TT_RHT_e":[0.710179949031,0.74620023776,0.674159660302], 
	 "TT_RHT_m":[0.739557484774,0.772209543009,0.706905426538], 
	 "TT_RLL_e":[0.93122347071,0.969460446135,0.892986495284], 
	 "TT_RLL_m":[0.93677914429,0.97438146078,0.899176827799], 
	 "TT_RLT_e":[0.795416086827,0.829738916899,0.761093256755], 
	 "TT_RLT_m":[0.824924428532,0.856578164425,0.79327069264], 
	 "TT_eVT":[0.974549827294,1.04808277482,0.901016879769], 
	 "TT_mVT":[1.07105033849,1.16210103111,0.979999645863], 
	 "WJets_eVT":[1.01076084852,1.05006778035,0.971453916693], 
	 "WJets_eV":[0.921464555086,0.956065974672,0.886863135499], 
	 "WJets_e":[1.10513981895,1.20104855238,1.00923108553], 
	 "WJets_mVT":[0.990945599493,1.02568739873,0.956203800252], 
	 "WJets_mV":[0.863980802964,0.897146983499,0.830814622429], 
	 "WJets_m":[1.09828016482,1.15694235031,1.03961797932]
}
