{ 
	 "QCD_eV":[2.02695908145,2.27866823961,1.77524992329], 
	 "QCD_e":[1.20863207651,1.4873301908,0.929933962208], 
	 "QCD_mV":[1.31378423814,1.55745564741,1.07011282888], 
	 "QCD_m":[0.777738797036,0.842718858541,0.712758735532], 
	 "TT_MHL_e":[0.62526244633,0.7152561553,0.535268737359], 
	 "TT_MHL_m":[0.835411223867,0.928945857266,0.741876590469], 
	 "TT_MHT_e":[0.609981704361,0.675503665956,0.544459742766], 
	 "TT_MHT_m":[0.650493703417,0.701390021742,0.599597385093], 
	 "TT_MLL_m":[0.732195327041,0.982397458222,0.481993195859], 
	 "TT_MLT_e":[0.643745006235,0.690046438115,0.597443574355], 
	 "TT_MLT_m":[0.703983092173,0.742259427036,0.665706757311], 
	 "TT_RHL_e":[0.763928438002,0.801155446489,0.726701429514], 
	 "TT_RHL_m":[0.73475486139,0.770581239162,0.698928483619], 
	 "TT_RHT_e":[0.643396214725,0.680153100276,0.606639329174], 
	 "TT_RHT_m":[0.819433823138,0.857357624863,0.781510021413], 
	 "TT_RLL_e":[0.837266613208,0.879884244483,0.794648981932], 
	 "TT_RLL_m":[0.831998029426,0.872237544668,0.791758514184], 
	 "TT_RLT_e":[0.706228050057,0.741623078032,0.670833022082], 
	 "TT_RLT_m":[0.808284084797,0.841388453614,0.775179715981], 
	 "TT_eVT":[0.935791705432,1.20330380514,0.668279605719], 
	 "TT_mVT":[1.07017100112,1.29061800987,0.849723992372], 
	 "WJets_eVT":[0.973820608784,1.06795503083,0.879686186735], 
	 "WJets_eV":[0.943321402378,0.981563626721,0.905079178034], 
	 "WJets_mVT":[0.962472087179,1.02894223196,0.896001942403], 
	 "WJets_mV":[0.843563369923,0.88222122383,0.804905516016]
}
