{ 
	 "QCD_eV":[2.22507385433,2.44132490841,2.00882280025], 
	 "QCD_e":[0.435424452311,0.588951845938,0.281897058685], 
	 "QCD_mV":[1.66930380484,1.86848461283,1.47012299684], 
	 "QCD_m":[0.914636884718,0.973279532895,0.855994236541], 
	 "TT_MHL_e":[0.759704588716,0.857453886133,0.661955291299], 
	 "TT_MHL_m":[0.857683305299,0.965542593528,0.74982401707], 
	 "TT_MHT_e":[0.861024360093,0.953574792383,0.768473927803], 
	 "TT_MHT_m":[0.927190603431,0.996235106581,0.858146100281], 
	 "TT_MLL_e":[1.35590445421,1.63277888463,1.07903002379], 
	 "TT_MLL_m":[1.27417861561,1.62751344025,0.92084379097], 
	 "TT_MLT_e":[0.929888308451,0.981073492241,0.878703124661], 
	 "TT_MLT_m":[0.863094147816,0.910282480724,0.815905814909], 
	 "TT_RHL_e":[0.932905134057,0.97530667634,0.890503591773], 
	 "TT_RHL_m":[0.861805311489,0.901460218005,0.822150404973], 
	 "TT_RHT_e":[0.927653573557,0.979505440358,0.875801706756], 
	 "TT_RHT_m":[0.85930500375,0.9004277378,0.818182269701], 
	 "TT_RLL_e":[1.08512410928,1.15778045669,1.01246776187], 
	 "TT_RLL_m":[1.10257552557,1.17770715861,1.02744389252], 
	 "TT_RLT_e":[0.930968663276,0.981142481425,0.880794845127], 
	 "TT_RLT_m":[0.932418046754,0.982426588765,0.882409504742], 
	 "TT_eVT":[1.28499180896,1.40012046772,1.1698631502], 
	 "TT_mVT":[1.49455996697,1.64568922087,1.34343071307], 
	 "WJets_eVT":[1.01551388175,1.06323134157,0.967796421928], 
	 "WJets_eV":[1.02634163966,1.0674266167,0.985256662622], 
	 "WJets_e":[1.13906297665,1.21168440849,1.0664415448], 
	 "WJets_mVT":[0.915481810121,0.962945447571,0.86801817267], 
	 "WJets_mV":[0.868492851107,0.909204091954,0.82778161026], 
	 "WJets_m":[0.914437492633,0.959760287941,0.869114697326]
}
