{ 
	 "QCD_eV":[1.99825221815,2.24188200955,1.75462242674], 
	 "QCD_e":[1.18199278045,1.52470709278,0.839278468129], 
	 "QCD_mV":[1.22122432193,1.4433670624,0.999081581457], 
	 "QCD_m":[0.761932821503,0.83200473006,0.691860912945], 
	 "TT_MHL_e":[0.608217144993,0.692221484452,0.524212805534], 
	 "TT_MHL_m":[0.737766146293,0.84403640704,0.631495885546], 
	 "TT_MHT_e":[0.617016267553,0.682311688419,0.551720846688], 
	 "TT_MHT_m":[0.649867156205,0.70053417728,0.599200135131], 
	 "TT_MLL_e":[0.934486577902,1.2120282905,0.656944865309], 
	 "TT_MLL_m":[0.801763549417,1.10862717271,0.494899926125], 
	 "TT_MLT_e":[0.656747644277,0.702018779178,0.611476509375], 
	 "TT_MLT_m":[0.7047875782,0.743288235405,0.666286920995], 
	 "TT_RHL_e":[0.763925693421,0.799790046873,0.728061339968], 
	 "TT_RHL_m":[0.712642615845,0.74566252755,0.67962270414], 
	 "TT_RHT_e":[0.647287155866,0.68451641117,0.610057900563], 
	 "TT_RHT_m":[0.805360123817,0.842592440528,0.768127807106], 
	 "TT_RLL_e":[0.814686681091,0.854364636724,0.775008725458], 
	 "TT_RLL_m":[0.781811504868,0.817773609807,0.745849399928], 
	 "TT_RLT_e":[0.70387473474,0.739294738907,0.668454730573], 
	 "TT_RLT_m":[0.796272854213,0.829014343805,0.763531364621], 
	 "TT_eVT":[0.84855397612,0.923707737606,0.773400214635], 
	 "TT_mVT":[0.914974191243,1.01226273583,0.81768564666], 
	 "WJets_eVT":[1.01181490455,1.05529164631,0.968338162794], 
	 "WJets_eV":[0.939628871181,0.978359390669,0.900898351694], 
	 "WJets_e":[0.992014108118,1.09904735118,0.884980865058], 
	 "WJets_mVT":[0.981754837348,1.02571153503,0.937798139664], 
	 "WJets_mV":[0.83786492504,0.876847398455,0.798882451625], 
	 "WJets_m":[1.15057125324,1.21575745769,1.08538504879]
}
